{
  "name": "ImageMapster",
  "version": "1.5.3",
  "homepage": "https://github.com/jamietre/ImageMapster",
  "description": "jQuery plugin that activates areas in HTML imagemaps with support for highlighting, selecting, tooltips, resizing and more",
  "main": "dist/jquery.imagemapster.min.js",
  "keywords": [
    "jquery",
    "imagemapster",
    "activate",
    "area",
    "html",
    "plugin",
    "maps",
    "image",
    "imagemap",
    "canvas",
    "highlight",
    "select",
    "resize",
    "tooltip"
  ],
  "authors": [
    "James Treworgy <jamie@outsharked.com>"
  ],
  "license": "MIT",
  "ignore": [
    "**/.*",
    "node_modules",
    "bower_components",
    "test",
    "tests",
    "build",
    "examples",
    "src",
    ".vscode"
  ],
  "dependencies": {
    "jquery": "latest"
  },
  "_release": "1.5.3",
  "_resolution": {
    "type": "version",
    "tag": "v1.5.3",
    "commit": "ec5f2c863ba0c71d3064b68b5abefe8a2ffbd3b8"
  },
  "_source": "https://github.com/jamietre/ImageMapster.git",
  "_target": "*",
  "_originalSource": "imagemapster"
}