{
  "name": "twitter-fetcher",
  "description": "Fetch your Twitter pots without using OAUTH or the new 1.1 API. All in JavaScript.",
  "version": "18.0.4",
  "author": {
    "name": "Jason Mayes"
  },
  "repository": {
    "type": "git",
    "url": "https://github.com/jasonmayes/Twitter-Post-Fetcher.git"
  },
  "main": [
    "js/twitterFetcher.js"
  ],
  "keywords": [
    "Twitter",
    "fetcher",
    "Jason Mayes",
    "Social",
    "JavaScript",
    "No OAUTH",
    "Widget"
  ],
  "homepage": "https://github.com/jasonmayes/Twitter-Post-Fetcher",
  "_release": "18.0.4",
  "_resolution": {
    "type": "version",
    "tag": "18.0.4",
    "commit": "3ca1a6478d155af68dd61108959bcb06d2117031"
  },
  "_source": "https://github.com/jasonmayes/Twitter-Post-Fetcher.git",
  "_target": "^18.0.2",
  "_originalSource": "twitter-fetcher"
}