{
  "name": "twitter-fetcher",
  "description": "Fetch your Twitter pots without using OAUTH or the new 1.1 API. All in JavaScript.",
  "version": "17.0.0",
  "author": {
    "name": "Jason Mayes"
  },
  "repository": {
    "type": "git",
    "url": "https://github.com/jasonmayes/Twitter-Post-Fetcher.git"
  },
  "main": [
    "js/twitterFetcher.js"
  ],
  "keywords": [
    "Twitter",
    "fetcher",
    "Jason Mayes",
    "Social",
    "JavaScript",
    "No OAUTH",
    "Widget"
  ],
  "homepage": "https://github.com/jasonmayes/Twitter-Post-Fetcher",
  "_release": "17.0.0",
  "_resolution": {
    "type": "version",
    "tag": "17.0.0",
    "commit": "eb1ca451f000f0a3145fc09f16db9649a666ce0c"
  },
  "_source": "https://github.com/jasonmayes/Twitter-Post-Fetcher.git",
  "_target": "^17.0.0",
  "_originalSource": "twitter-fetcher",
  "_direct": true
}