{
  "name": "spin.js",
  "main": "spin.js",
  "dependencies": {},
  "readme": "README.md",
  "repository": {
    "type": "git",
    "url": "git://github.com/fgnass/spin.js.git"
  },
  "ignore": [
    "Gruntfile.js",
    "site",
    "bower.json",
    "component.json",
    "package.json"
  ],
  "homepage": "https://github.com/fgnass/spin.js",
  "version": "2.3.2",
  "_release": "2.3.2",
  "_resolution": {
    "type": "version",
    "tag": "2.3.2",
    "commit": "5a9ea41651105302fe76d15cb294070c5863e759"
  },
  "_source": "https://github.com/fgnass/spin.js.git",
  "_target": "^2.3.2",
  "_originalSource": "spin.js"
}