{
  "name": "jquery",
  "main": "dist/jquery.js",
  "license": "MIT",
  "ignore": [
    "package.json"
  ],
  "keywords": [
    "jquery",
    "javascript",
    "browser",
    "library"
  ],
  "homepage": "https://github.com/jquery/jquery-dist",
  "version": "3.5.1",
  "_release": "3.5.1",
  "_resolution": {
    "type": "version",
    "tag": "3.5.1",
    "commit": "4c0e4becb8263bb5b3e6dadc448d8e7305ef8215"
  },
  "_source": "https://github.com/jquery/jquery-dist.git",
  "_target": "*",
  "_originalSource": "jquery"
}